firstName,lastName,email,tel
Oralie,Gough,ogough0@free.fr,1-500-8967
Gillan,Reynish,greynish1@ebay.com,62-538-4182
Clareta,Rappaport,crappaport2@vistaprint.com,234-835-7808
Urson,Simo,usimo3@arstechnica.com,62-878-7807
Jeddy,Boustred,jboustred4@dion.ne.jp,504-689-4421
Helli,Wager,hwager5@zdnet.com,46-310-5483
Ogdan,Peggs,opeggs6@rediff.com,1-525-0099
Rodi,Hellcat,rhellcat7@arstechnica.com,81-783-4836
Nye,Collaton,ncollaton8@illinois.edu,62-647-7168
Berget,Dunston,bdunston9@hugedomains.com,98-256-2064
Paddy,Hadkins,phadkinsa@intel.com,47-780-0892
Thebault,Charsley,tcharsleyb@over-blog.com,976-955-7657
Cord,Stranaghan,cstranaghanc@boston.com,502-387-0535
Rhona,Grelka,rgrelkad@clickbank.net,48-930-5014
Colly,Hazlewood,chazlewoode@mlb.com,86-559-3399
Robers,Dyke,rdykef@elpais.com,237-429-2839
Delia,Wohler,dwohlerg@ezinearticles.com,62-100-7820
Anselma,MacMickan,amacmickanh@wsj.com,86-782-9995
Imogene,Rodear,irodeari@fc2.com,86-292-5658
Jared,Coole,jcoolej@dyndns.org,353-870-8496
Lara,Fowlds,lfowldsk@indiegogo.com,7-959-6378
Jamison,Alessandrini,jalessandrinil@plala.or.jp,52-274-5767
Amandy,Dimberline,adimberlinem@timesonline.co.uk,86-550-5406
Fred,Cone,fconen@g.co,1-296-6870
Wendel,Strain,wstraino@ovh.net,86-629-6906
Braden,Maciejewski,bmaciejewskip@taobao.com,375-947-3690
Kare,Breache,kbreacheq@jimdo.com,255-152-7714
Barbabas,Chritchley,bchritchleyr@cbsnews.com,86-293-3928
Salvatore,Hogben,shogbens@army.mil,352-302-2715
Nelie,Fansy,nfansyt@state.tx.us,86-552-3094
Brandtr,Ibell,bibellu@auda.org.au,52-830-9011
Marcie,McGonagle,mmcgonaglev@sun.com,62-120-7724
Myrah,Greetham,mgreethamw@1688.com,355-350-2837
Risa,Pareman,rparemanx@auda.org.au,86-576-3824
Darius,Devo,ddevoy@census.gov,7-103-8768
Melba,Gebbie,mgebbiez@mail.ru,7-385-5316
Hall,Moralas,hmoralas10@alexa.com,48-472-7320
Chrotoem,Blakeney,cblakeney11@adobe.com,48-684-1520
Quentin,Cobbled,qcobbled12@engadget.com,7-332-2862
Sabrina,Govini,sgovini13@blogs.com,230-267-2487
Philipa,Maypes,pmaypes14@google.de,20-376-8802
Everard,Walburn,ewalburn15@t-online.de,49-537-5887
Maris,Worcs,mworcs16@wisc.edu,386-359-6872
Gabriele,Ilive,gilive17@independent.co.uk,386-216-2438
Borg,Chappelow,bchappelow18@com.com,86-160-5231
Hartley,Tarver,htarver19@washington.edu,81-574-0855
Brittany,McGairl,bmcgairl1a@yolasite.com,351-128-5739
Sam,Arnatt,sarnatt1b@hc360.com,48-817-3089
Lindsy,Ferneley,lferneley1c@webeden.co.uk,351-165-3559
Monika,Eggins,meggins1d@vistaprint.com,385-437-3549
Linnet,Learoyde,llearoyde1e@princeton.edu,675-473-7067
Caritta,Seedman,cseedman1f@nbcnews.com,967-143-9709
Viviyan,Schirak,vschirak1g@booking.com,263-438-5131
Brander,Congdon,bcongdon1h@github.com,57-325-2204
Maxi,Gudge,mgudge1i@oracle.com,62-445-6632
Rudiger,Yosevitz,ryosevitz1j@ca.gov,86-862-1964
Curtis,Wilfinger,cwilfinger1k@cam.ac.uk,7-938-8837
Jean,Jewess,jjewess1l@sourceforge.net,82-163-1668
Thomas,Convery,tconvery1m@stumbleupon.com,48-754-1724
Jonah,Keynes,jkeynes1n@rambler.ru,86-152-4781
Jandy,Gayter,jgayter1o@histats.com,256-807-4096
Stacey,Klossmann,sklossmann1p@icio.us,86-947-7481
Kathe,Heggison,kheggison1q@over-blog.com,1-421-6520
Kristoffer,Morin,kmorin1r@people.com.cn,351-850-5942
Elianora,McVeighty,emcveighty1s@ocn.ne.jp,55-634-1449
Vince,Nudds,vnudds1t@scribd.com,7-216-6479
Cami,Van Hove,cvanhove1u@cbc.ca,55-943-6163
Giralda,Casterton,gcasterton1v@posterous.com,389-816-6577
Hortense,Kunkel,hkunkel1w@w3.org,86-669-7968
Brittney,Midgley,bmidgley1x@unesco.org,62-833-6849
Doris,Dillistone,ddillistone1y@mlb.com,242-204-1003
Brit,Morriss,bmorriss1z@unblog.fr,1-669-4607
Aurore,Klemmt,aklemmt20@simplemachines.org,351-691-0062
Babita,Mattam,bmattam21@trellian.com,46-766-3637
Gustave,Summerson,gsummerson22@cisco.com,86-899-5599
Diandra,Shitliffe,dshitliffe23@pagesperso-orange.fr,86-683-9956
Donavon,Shirt,dshirt24@opera.com,62-603-9446
Zaria,Glencorse,zglencorse25@zdnet.com,92-410-0642
Hanna,Lintall,hlintall26@sciencedaily.com,55-965-1351
Falkner,Hellyar,fhellyar27@youtu.be,95-172-9294
Sergei,Mein,smein28@sourceforge.net,60-155-1629
Arlene,Bloxham,abloxham29@ask.com,55-615-0554
Meriel,Smallcomb,msmallcomb2a@princeton.edu,1-472-6115
Dulcia,Dobbin,ddobbin2b@joomla.org,51-714-5768
Anabel,Bourget,abourget2c@bloglines.com,51-645-5267
Stoddard,Ragsdale,sragsdale2d@canalblog.com,86-372-0586
Jemima,Laister,jlaister2e@dailymail.co.uk,31-140-2843
Gabriela,Acosta,gacosta2f@amazonaws.com,355-111-5355
Nicholle,Somerfield,nsomerfield2g@businessinsider.com,351-527-4032
Lottie,Boulsher,lboulsher2h@tiny.cc,86-830-5903
Rinaldo,Pattisson,rpattisson2i@psu.edu,86-440-0797
Harrison,MacCoughen,hmaccoughen2j@slideshare.net,66-571-5192
Olav,Beining,obeining2k@google.pl,66-729-6206
Sebastian,Danskine,sdanskine2l@stanford.edu,82-625-3113
Dennet,Kermannes,dkermannes2m@zimbio.com,57-297-0491
Ursulina,Graine,ugraine2n@twitter.com,33-171-8205
Janith,Nottram,jnottram2o@tinyurl.com,33-448-2950
Brant,Bauldry,bbauldry2p@ox.ac.uk,86-629-6222
Waylin,Grishechkin,wgrishechkin2q@house.gov,86-301-0234
Reta,Danilishin,rdanilishin2r@skyrock.com,48-773-7265
Lorain,McKay,lmckay2s@cloudflare.com,234-540-9472
Chan,Broadway,cbroadway2t@canalblog.com,86-809-1918
Chaim,Ladson,cladson2u@bigcartel.com,62-113-7129
Hamel,Cullnean,hcullnean2v@dion.ne.jp,504-343-8875
Jermaine,Core,jcore2w@phpbb.com,52-865-8967
Isaak,Jarratt,ijarratt2x@4shared.com,86-585-9172
Berry,Varty,bvarty2y@telegraph.co.uk,48-194-9378
Rafaela,Bourdis,rbourdis2z@sciencedirect.com,86-565-7400
Celine,Colquitt,ccolquitt30@ftc.gov,7-231-4929
Henrieta,Pimblotte,hpimblotte31@issuu.com,63-858-0710
Torin,Duchesne,tduchesne32@eventbrite.com,81-988-4168
Gawen,Braunston,gbraunston33@aol.com,7-337-9739
Bord,Dennant,bdennant34@google.ca,7-527-3005
Grannie,Kybird,gkybird35@goodreads.com,58-949-5995
Drusi,Aseef,daseef36@fc2.com,7-958-0762
Chas,Gommey,cgommey37@exblog.jp,420-676-8877
Emmery,De Dantesie,ededantesie38@utexas.edu,86-306-5768
Celle,McChesney,cmcchesney39@facebook.com,48-404-2979
Orel,MacDaid,omacdaid3a@mail.ru,20-690-6111
Sergio,Bootell,sbootell3b@nsw.gov.au,383-107-0379
Quill,Maruska,qmaruska3c@booking.com,86-572-7480
Alonso,Giovanetti,agiovanetti3d@japanpost.jp,62-228-2226
Dalia,O' Neligan,doneligan3e@shinystat.com,62-141-9894
Daloris,Sissot,dsissot3f@bluehost.com,84-900-9806
Gunner,Brocking,gbrocking3g@bing.com,47-502-0157
Viv,Trengove,vtrengove3h@youku.com,86-304-8591
Basil,Shelton,bshelton3i@ebay.co.uk,33-887-2737
Royal,McChesney,rmcchesney3j@freewebs.com,502-316-4301
Jarrad,Cadreman,jcadreman3k@domainmarket.com,48-436-8245
Emmalee,Slyne,eslyne3l@columbia.edu,51-591-0228
Nels,Doonican,ndoonican3m@xrea.com,86-659-4108
Emelia,Antonovic,eantonovic3n@wsj.com,7-193-5528
Issie,Pillington,ipillington3o@answers.com,389-379-8994
Farlie,Hyland,fhyland3p@nifty.com,48-706-0304
Nissy,Rising,nrising3q@nydailynews.com,254-608-4176
Mora,Kobelt,mkobelt3r@google.co.jp,63-727-7692
Siegfried,McGurk,smcgurk3s@amazon.co.uk,374-353-1626
Eilis,Gude,egude3t@themeforest.net,55-334-1027
Arden,Sunners,asunners3u@google.ru,55-973-1453
Sondra,Grandin,sgrandin3v@wiley.com,51-961-5675
Carney,Ubsdell,cubsdell3w@jugem.jp,62-341-8982
Harold,Santo,hsanto3x@mysql.com,52-665-0615
Levey,Bownes,lbownes3y@fema.gov,86-301-7765
Desi,Hambling,dhambling3z@wikispaces.com,86-550-1201
Odey,Joris,ojoris40@reddit.com,62-163-8361
Cosimo,Walthall,cwalthall41@ezinearticles.com,254-310-9609
Angy,Milmoe,amilmoe42@netlog.com,1-750-6867
Thorsten,Canto,tcanto43@twitter.com,242-215-5828
Elbertine,Ellard,eellard44@fc2.com,255-161-1521
Nealy,Barehead,nbarehead45@topsy.com,62-676-8808
Alyse,Ruslin,aruslin46@theatlantic.com,86-954-0064
Helga,Bogue,hbogue47@wikispaces.com,62-589-6611
Edy,Songust,esongust48@nymag.com,970-762-6022
Raddie,Wellman,rwellman49@sohu.com,48-744-9111
Bord,Aleksandrikin,baleksandrikin4a@answers.com,62-958-1873
Katine,Inseal,kinseal4b@qq.com,380-126-4953
Prue,Moorman,pmoorman4c@oaic.gov.au,1-604-0750
Clementia,Pietruszewicz,cpietruszewicz4d@uiuc.edu,39-854-5548
Pincas,Rimer,primer4e@rambler.ru,86-498-0686
Glenda,McMahon,gmcmahon4f@businessinsider.com,976-268-6820
Ricki,Gilfoyle,rgilfoyle4g@blinklist.com,255-233-9418
Pearline,Boyson,pboyson4h@163.com,51-839-4797
Helsa,Ventris,hventris4i@cargocollective.com,55-683-0180
Chaunce,Quiney,cquiney4j@i2i.jp,387-712-2463
Dalt,Dullaghan,ddullaghan4k@wiley.com,81-574-3013
Kurtis,Cantua,kcantua4l@is.gd,62-285-7751
Cloris,Vasnev,cvasnev4m@salon.com,351-154-8434
Sebastian,Riccione,sriccione4n@mapy.cz,1-663-1711
Maris,Eastwell,meastwell4o@cocolog-nifty.com,63-189-2232
Kelila,Sysland,ksysland4p@zdnet.com,86-342-0670
Jourdain,Giacomini,jgiacomini4q@vkontakte.ru,52-664-8693
Garrard,Leftridge,gleftridge4r@yelp.com,86-879-5230
Nickey,Tefft,ntefft4s@tripadvisor.com,30-421-9521
Ursa,Garred,ugarred4t@ted.com,359-596-2606
Maddalena,Howels,mhowels4u@epa.gov,962-313-9418
Jennine,Matuszynski,jmatuszynski4v@plala.or.jp,46-996-7868
Amby,Mundy,amundy4w@hostgator.com,62-866-3408
Oliver,Aisbett,oaisbett4x@census.gov,54-257-6626
Beryl,Sayles,bsayles4y@xing.com,20-827-3751
Ferd,Santori,fsantori4z@eepurl.com,62-963-1893
Sibylle,Mariel,smariel50@java.com,994-192-9185
Rubetta,Kail,rkail51@slate.com,86-937-6719
Veriee,Lease,vlease52@zimbio.com,86-929-2009
Sherilyn,Ganiclef,sganiclef53@mail.ru,62-141-9982
Korey,Paling,kpaling54@quantcast.com,225-384-9345
Heath,Moohan,hmoohan55@linkedin.com,48-743-8418
Ellyn,Course,ecourse56@adobe.com,60-876-8445
Sayre,Dudmesh,sdudmesh57@ftc.gov,94-169-7649
Price,Sims,psims58@rediff.com,234-640-3984
Moses,Jiras,mjiras59@networkadvertising.org,970-658-5985
Lulita,Vaines,lvaines5a@tripadvisor.com,62-100-1821
Rafaelita,Saice,rsaice5b@boston.com,86-343-3364
Elaina,Ackland,eackland5c@indiatimes.com,1-898-2285
Charmion,Wathall,cwathall5d@latimes.com,48-744-6585
Calypso,Courteney,ccourteney5e@github.com,62-870-5198
Launce,Denekamp,ldenekamp5f@prweb.com,27-831-8498
Delaney,Davey,ddavey5g@deviantart.com,685-292-0637
Mayer,Earle,mearle5h@nydailynews.com,1-597-7813
Cleavland,Carney,ccarney5i@1und1.de,7-196-5150
Brantley,Briscam,bbriscam5j@hao123.com,63-912-2064
Borden,Endersby,bendersby5k@360.cn,358-691-1091
Felizio,Klessmann,fklessmann5l@sogou.com,86-152-2872
Mandi,Dunbobbin,mdunbobbin5m@hhs.gov,30-257-8931
Leontyne,Roon,lroon5n@usa.gov,46-542-8321
Vale,Tommen,vtommen5o@mail.ru,63-104-6998
Zea,Monro,zmonro5p@jiathis.com,86-323-4530
Graeme,Ceschelli,gceschelli5q@narod.ru,98-648-7065
Cordell,Smithen,csmithen5r@ibm.com,86-110-5496
Roseann,Mattessen,rmattessen5s@shareasale.com,48-819-8703
Alejoa,Patria,apatria5t@a8.net,374-301-8977
Dietrich,Scafe,dscafe5u@cnet.com,54-708-7648
Stefania,Hurdwell,shurdwell5v@who.int,62-626-5094
Dottie,MacShane,dmacshane5w@scribd.com,86-751-1934
Gisele,Edgworth,gedgworth5x@reddit.com,380-190-6777
Arvie,Manthorpe,amanthorpe5y@is.gd,63-666-1281
Sunny,Papen,spapen5z@ycombinator.com,63-998-3437
Catlin,Able,cable60@wikia.com,7-748-1098
Lilian,Adolf,ladolf61@bloglines.com,62-111-8821
Randene,Hedan,rhedan62@google.com,358-182-0949
Korie,Biaggi,kbiaggi63@de.vu,62-818-8747
Mona,Greder,mgreder64@networkadvertising.org,963-854-2166
Doralin,Moorrud,dmoorrud65@wiley.com,86-399-3028
Jade,Brobyn,jbrobyn66@google.co.uk,45-820-4138
Eziechiele,Doyle,edoyle67@yelp.com,93-216-6871
Breanne,Sleit,bsleit68@reddit.com,46-638-4270
Peadar,Ainsbury,painsbury69@smugmug.com,92-831-0079
Wren,Trotter,wtrotter6a@oaic.gov.au,62-717-8437
Portie,Skingley,pskingley6b@comcast.net,351-832-6200
Lewiss,Cammiemile,lcammiemile6c@vistaprint.com,86-162-3683
Sonnnie,O'Cahsedy,socahsedy6d@tripadvisor.com,420-219-8660
Dusty,Mowsdell,dmowsdell6e@ucoz.com,63-506-1051
Lisabeth,Gimbart,lgimbart6f@scientificamerican.com,506-306-6532
Aigneis,Sudran,asudran6g@ucla.edu,86-522-3313
Heida,Guynemer,hguynemer6h@altervista.org,66-814-4306
Wesley,Cavendish,wcavendish6i@theguardian.com,86-637-6705
Jordan,Sher,jsher6j@homestead.com,86-131-7615
Ulla,Kildale,ukildale6k@hhs.gov,86-286-7945
Thomas,Gleder,tgleder6l@nasa.gov,238-266-6449
Netta,Lope,nlope6m@goodreads.com,81-170-7646
Hortensia,Chumley,hchumley6n@xrea.com,55-383-9459
Gregor,Lathleiffure,glathleiffure6o@ifeng.com,380-987-3190
Ranice,Boles,rboles6p@webs.com,351-771-5682
Amandi,Dyble,adyble6q@dropbox.com,86-471-7397
Madelena,Wayper,mwayper6r@google.pl,351-360-0532
Mufinella,Bydaway,mbydaway6s@comcast.net,33-655-7486
Alis,Power,apower6t@usgs.gov,86-298-2040
Lucian,Bolletti,lbolletti6u@google.it,57-886-8624
Brandais,Syrie,bsyrie6v@godaddy.com,7-634-7128
Rosalinda,Wythill,rwythill6w@ning.com,63-818-6983
Dennie,Mc Meekan,dmcmeekan6x@ebay.co.uk,86-543-4697
Emlynne,Piffe,epiffe6y@nydailynews.com,30-642-2113
Sebastian,Skryne,sskryne6z@mtv.com,242-494-7470
Filbert,Cotterill,fcotterill70@blogs.com,964-230-2829
Ignazio,Foch,ifoch71@dell.com,86-606-6049
Fanechka,Likly,flikly72@economist.com,86-676-1710
Royal,Flucker,rflucker73@wix.com,98-870-0706
Sheffy,Bucke,sbucke74@army.mil,86-573-3828
Laurent,Crossthwaite,lcrossthwaite75@e-recht24.de,1-482-9315
Estrellita,Rudderham,erudderham76@people.com.cn,48-743-3934
Friederike,Dinnage,fdinnage77@w3.org,48-772-8139
Nannette,Brende,nbrende78@amazon.co.uk,86-329-2876
Gerri,Hawthorn,ghawthorn79@ebay.com,86-254-6942
Trenna,Peet,tpeet7a@fema.gov,389-737-5054
Farlay,Arndell,farndell7b@nydailynews.com,86-727-4461
Grove,Wooler,gwooler7c@posterous.com,351-593-6870
Nettie,Jalland,njalland7d@imdb.com,62-501-3401
Guillemette,Starzaker,gstarzaker7e@springer.com,62-956-4906
Mordy,Showler,mshowler7f@nyu.edu,62-612-0505
Erroll,holmes,eholmes7g@bloglovin.com,62-493-6628
Kirk,Thirkettle,kthirkettle7h@sciencedaily.com,62-800-9778
Maxwell,Fessions,mfessions7i@feedburner.com,7-442-6861
Tessi,Casier,tcasier7j@archive.org,62-115-0569
Tim,Calderbank,tcalderbank7k@webs.com,27-858-1542
Arte,Cadwell,acadwell7l@google.com.au,62-898-3089
Gregor,Smeuin,gsmeuin7m@howstuffworks.com,359-924-0388
Rycca,Scriviner,rscriviner7n@samsung.com,51-111-0483
Perrine,McCheyne,pmccheyne7o@artisteer.com,86-936-2089
Tallie,Stoffersen,tstoffersen7p@usa.gov,48-947-3001
Collie,Bremond,cbremond7q@wp.com,62-744-7000
Marv,Hovey,mhovey7r@nature.com,1-411-2998
Annabela,Miskimmon,amiskimmon7s@bloglines.com,46-439-6809
Janenna,Oman,joman7t@youtu.be,1-309-3379
Dion,Tibbotts,dtibbotts7u@photobucket.com,55-515-3463
Sidney,Connolly,sconnolly7v@columbia.edu,993-671-6360
Marsiella,Ashment,mashment7w@techcrunch.com,7-377-2388
Cathlene,Yakolev,cyakolev7x@wikia.com,380-818-1067
Tonia,Ivshin,tivshin7y@ovh.net,7-210-8668
Lorant,Guilfoyle,lguilfoyle7z@tumblr.com,55-618-7306
Paddie,Bonhill,pbonhill80@imgur.com,55-699-7762
Sly,Navein,snavein81@blinklist.com,86-347-6682
Ollie,Hebdon,ohebdon82@springer.com,48-827-3995
Neely,Boundey,nboundey83@dropbox.com,62-342-0123
Rouvin,Croce,rcroce84@joomla.org,856-202-2622
Henry,Bulpitt,hbulpitt85@bigcartel.com,57-666-0062
Lazaro,Crotch,lcrotch86@google.nl,62-972-2669
Cassi,Nazareth,cnazareth87@cbslocal.com,420-143-5769
Udale,Lawtey,ulawtey88@dmoz.org,86-806-8205
Donn,Speer,dspeer89@statcounter.com,7-483-8915
Lilah,Ginnell,lginnell8a@sina.com.cn,1-608-8438
Dewie,Greschik,dgreschik8b@symantec.com,234-800-0191
Becki,Charlotte,bcharlotte8c@cyberchimps.com,34-130-8092
Benoit,Chesser,bchesser8d@furl.net,86-908-0249
Mathilda,Chevalier,mchevalier8e@indiatimes.com,1-224-4729
Lucinda,Degoix,ldegoix8f@tumblr.com,232-440-2564
Dorelia,Kemmons,dkemmons8g@cnbc.com,82-303-2594
Goldie,Lequeux,glequeux8h@parallels.com,420-233-4089
Stevena,Cankett,scankett8i@joomla.org,358-527-4303
Franklin,Godby,fgodby8j@cnn.com,966-779-3896
Jourdan,Lyte,jlyte8k@list-manage.com,86-201-0539
Warde,Willbraham,wwillbraham8l@1und1.de,677-973-5500
Grenville,Lago,glago8m@purevolume.com,355-248-5640
Kat,Bohlsen,kbohlsen8n@histats.com,1-529-9252
Hebert,Deerr,hdeerr8o@nps.gov,86-924-7997
Maude,Kirsopp,mkirsopp8p@businessweek.com,380-454-6080
Hillard,Erb,herb8q@earthlink.net,63-566-8550
Phaidra,Auten,pauten8r@theatlantic.com,30-941-8449
Crin,Passler,cpassler8s@omniture.com,55-404-8158
Chandal,Cassell,ccassell8t@columbia.edu,81-983-0604
Ward,Caban,wcaban8u@sciencedirect.com,86-318-3783
Austina,Draper,adraper8v@ezinearticles.com,60-408-4990
Sal,Tupling,stupling8w@guardian.co.uk,7-403-9587
Fitz,Raddin,fraddin8x@washingtonpost.com,62-646-3145
Sibylla,Earey,searey8y@eventbrite.com,63-305-3401
Lynnell,Dallywater,ldallywater8z@examiner.com,86-996-8192
Miltie,Buret,mburet90@dailymotion.com,7-997-1153
Sander,Sellick,ssellick91@indiatimes.com,63-653-1720
Rafaellle,Jozefczak,rjozefczak92@scientificamerican.com,46-805-5504
Fredelia,McElwee,fmcelwee93@cbc.ca,86-873-4073
Coreen,Filyaev,cfilyaev94@surveymonkey.com,86-206-3955
Stormie,Shout,sshout95@furl.net,62-829-9291
Hermon,Sprasen,hsprasen96@weebly.com,92-194-9085
Raff,O'Brian,robrian97@over-blog.com,212-366-4055
Mathilde,Mannakee,mmannakee98@bandcamp.com,48-835-5364
Jesse,Ritmeier,jritmeier99@tmall.com,234-385-3628
Gilbertina,McCalister,gmccalister9a@reddit.com,387-260-6260
Jacquelynn,Merriday,jmerriday9b@ezinearticles.com,55-671-4549
Kacey,Bean,kbean9c@howstuffworks.com,7-666-6141
Sibeal,Leathard,sleathard9d@fastcompany.com,241-140-4937
Chlo,Matschke,cmatschke9e@princeton.edu,1-237-3038
Moore,Gregoli,mgregoli9f@lulu.com,55-699-6126
Emmey,Stalf,estalf9g@hhs.gov,86-692-5171
Cyril,Lent,clent9h@oracle.com,51-522-7346
Missy,Callender,mcallender9i@epa.gov,49-546-2047
Emilee,Lemanu,elemanu9j@lulu.com,62-446-1579
Olympe,Langfield,olangfield9k@123-reg.co.uk,86-397-4300
Gonzalo,Meenehan,gmeenehan9l@google.ru,358-464-5539
Lorianna,Heart,lheart9m@163.com,20-268-4359
Lemmy,Huddle,lhuddle9n@google.co.uk,86-424-5605
Brew,Dooher,bdooher9o@blinklist.com,212-893-7381
Tobye,Crighten,tcrighten9p@surveymonkey.com,62-460-2778
Corabel,Vedekhin,cvedekhin9q@harvard.edu,33-523-8504
Jorrie,Baylie,jbaylie9r@java.com,62-972-2000
Niven,Padbury,npadbury9s@flavors.me,355-750-0739
Marcos,Offener,moffener9t@state.tx.us,54-773-9291
Hermine,Cartwright,hcartwright9u@forbes.com,81-575-2459
Shayne,Aldersley,saldersley9v@paypal.com,386-329-8989
Abran,Dunn,adunn9w@wp.com,1-611-5624
Emile,Scanlan,escanlan9x@addtoany.com,86-588-7053
Massimo,Lynn,mlynn9y@about.com,27-189-9974
Mord,Dumbrill,mdumbrill9z@gmpg.org,86-735-7587
Rubia,Ashborne,rashbornea0@purevolume.com,60-456-7180
Tomi,Kniveton,tknivetona1@shareasale.com,48-827-5787
Ertha,Boribal,eboribala2@ed.gov,356-600-3999
Elbertina,Hemerijk,ehemerijka3@cbslocal.com,62-204-9483
Errick,Clifford,eclifforda4@kickstarter.com,86-856-0731
Timmi,Polino,tpolinoa5@vimeo.com,66-848-3157
Bruno,Martinelli,bmartinellia6@forbes.com,7-800-0714
Cecily,Moller,cmollera7@archive.org,7-661-8030
Shaun,McNally,smcnallya8@sakura.ne.jp,48-444-7540
Dorella,Scamp,dscampa9@instagram.com,86-577-6878
Curtice,Upstell,cupstellaa@networksolutions.com,48-723-5452
Ethan,Maud,emaudab@tumblr.com,63-652-4538
Ford,Gelder,fgelderac@cdc.gov,86-531-2028
Sephira,Stovold,sstovoldad@oakley.com,86-607-8620
Norina,Embling,nemblingae@fema.gov,58-551-7815
Putnam,Phant,pphantaf@barnesandnoble.com,261-269-0482
Sylvia,Tabbernor,stabbernorag@storify.com,62-364-8659
Vivia,Bener,vbenerah@t.co,1-703-9219
Vi,Reide,vreideai@purevolume.com,44-521-9876
Jackie,Regan,jreganaj@purevolume.com,95-513-7038
Davey,Batchan,dbatchanak@nsw.gov.au,505-542-3609
Kalli,McParland,kmcparlandal@techcrunch.com,7-603-5569
Fons,Dispencer,fdispenceram@reverbnation.com,62-166-5119
Ardys,Pattillo,apattilloan@ebay.com,66-860-6281
Zena,Bum,zbumao@oracle.com,86-206-1374
Morty,Sowden,msowdenap@webnode.com,1-343-8830
Matthus,Gilvary,mgilvaryaq@123-reg.co.uk,595-228-7073
Leola,Rosenwasser,lrosenwasserar@lycos.com,86-231-3095
Damien,Norway,dnorwayas@is.gd,7-668-9115
Wolfgang,Barwell,wbarwellat@vk.com,7-918-0097
Filbert,Rutt,fruttau@economist.com,230-312-8809
Faustine,Sambrook,fsambrookav@friendfeed.com,7-813-3286
Sarajane,Whybray,swhybrayaw@discuz.net,92-202-0644
Dyanna,Durdy,ddurdyax@hugedomains.com,33-254-4583
Michaeline,MacAulay,mmacaulayay@blogspot.com,62-734-6567
Gustaf,Hudspeth,ghudspethaz@unicef.org,84-326-3379
Ruddie,Hinkins,rhinkinsb0@loc.gov,86-864-4958
Rickey,Feaver,rfeaverb1@youku.com,7-160-1661
Bobina,Fido,bfidob2@google.co.uk,502-404-3573
Monique,Adam,madamb3@angelfire.com,7-203-7745
Kathy,Rosewell,krosewellb4@youku.com,57-354-2700
Evania,Wegenen,ewegenenb5@harvard.edu,86-360-8198
Maurise,Boulger,mboulgerb6@ucsd.edu,62-616-2785
Katti,Tertre,ktertreb7@mtv.com,27-455-0392
Aube,Bernard,abernardb8@exblog.jp,98-825-5593
Saunder,Toulamain,stoulamainb9@liveinternet.ru,81-336-2657
Mei,Selvester,mselvesterba@sfgate.com,264-745-1938
Yale,Buy,ybuybb@free.fr,48-723-9191
Devinne,Rickeard,drickeardbc@microsoft.com,380-679-9903
Teddy,Dicken,tdickenbd@economist.com,234-416-8108
Bartie,Rapsey,brapseybe@wikimedia.org,46-131-1049
Jeddy,Bohlens,jbohlensbf@umn.edu,46-137-1901
Amii,Crutchley,acrutchleybg@apache.org,962-314-8289
Tabb,Cann,tcannbh@jalbum.net,7-366-9970
Harp,Leteurtre,hleteurtrebi@dailymail.co.uk,86-776-7759
Eugenius,Spata,espatabj@youku.com,358-820-8488
Carrol,Trotter,ctrotterbk@mlb.com,62-115-2575
Robinet,Lowry,rlowrybl@unblog.fr,49-850-5623
Jaye,Fernant,jfernantbm@aol.com,86-633-5542
Eward,Oliffe,eoliffebn@abc.net.au,86-526-3233
Bonny,Darell,bdarellbo@google.co.jp,380-462-9465
Aile,Paterson,apatersonbp@yandex.ru,55-966-2554
Hamlin,Sweeny,hsweenybq@marriott.com,46-343-1288
Hagen,Lesaunier,hlesaunierbr@umn.edu,503-461-6507
Jesus,Scurr,jscurrbs@photobucket.com,251-406-0781
Letty,Blennerhassett,lblennerhassettbt@amazon.co.jp,216-723-1550
Elfreda,Sewley,esewleybu@umn.edu,359-247-3240
Wandis,Kunc,wkuncbv@ustream.tv,1-135-4487
Claretta,Collicott,ccollicottbw@pinterest.com,976-537-4541
Hildagard,Kirkby,hkirkbybx@reverbnation.com,62-811-5554
Jethro,Dudin,jdudinby@dedecms.com,1-436-8395
Brianne,Papen,bpapenbz@wikimedia.org,46-228-7531
Tomasine,Wieprecht,twieprechtc0@dmoz.org,509-469-1224
Waverley,Rosenauer,wrosenauerc1@ox.ac.uk,86-203-3268
Cassi,Cockrell,ccockrellc2@zimbio.com,27-696-5330
Larine,Hyde,lhydec3@topsy.com,63-377-6363
Neile,Delacourt,ndelacourtc4@uol.com.br,60-104-6428
Thorin,Wesson,twessonc5@oracle.com,57-253-0039
Carline,Cossor,ccossorc6@webeden.co.uk,86-933-3816
Harley,Teale,htealec7@arstechnica.com,31-426-7488
Nolan,Littrik,nlittrikc8@ibm.com,86-922-3576
Anatol,Levick,alevickc9@mac.com,7-372-1251
Saxon,Harcase,sharcaseca@mashable.com,48-495-9318
Elmer,Eymer,eeymercb@cisco.com,420-872-4100
Thain,Spong,tspongcc@slate.com,1-671-7168
Malachi,Foulis,mfouliscd@blinklist.com,58-579-8024
Tudor,Peachey,tpeacheyce@yolasite.com,63-200-1224
Courtnay,Morat,cmoratcf@mediafire.com,57-317-6249
Theadora,Beall,tbeallcg@psu.edu,30-662-3234
Baillie,Swadlen,bswadlench@mashable.com,86-697-1845
Annis,Gooder,agooderci@youtube.com,62-787-3123
Elmira,Banyard,ebanyardcj@nifty.com,86-694-7879
Ivar,Marian,imarianck@addtoany.com,57-400-4091
Glenden,Colling,gcollingcl@angelfire.com,62-304-9311
Edmund,McIlraith,emcilraithcm@google.co.uk,57-855-3244
Micheline,Bartaloni,mbartalonicn@ihg.com,46-485-6619
Karrah,Piercy,kpiercyco@army.mil,963-520-8045
Cloe,Ughelli,cughellicp@kickstarter.com,850-923-8819
Barbie,Whitnell,bwhitnellcq@instagram.com,380-823-3067
Marjy,Cosker,mcoskercr@japanpost.jp,62-485-7099
Alfie,Samsonsen,asamsonsencs@dagondesign.com,30-445-6810
Audie,Woofendell,awoofendellct@elegantthemes.com,81-873-3430
Kore,Canet,kcanetcu@gov.uk,62-661-7722
Hendrick,Brando,hbrandocv@jimdo.com,371-950-4333
Camella,Ianetti,cianetticw@nationalgeographic.com,51-859-0573
Joya,Cammock,jcammockcx@state.tx.us,34-487-2672
Phebe,Beggan,pbeggancy@xing.com,86-856-4217
Allianora,Fairburn,afairburncz@usda.gov,7-338-0096
Delila,Lacasa,dlacasad0@psu.edu,66-350-3517
Leesa,Hafford,lhaffordd1@google.de,51-221-7137
Tiffie,Baumber,tbaumberd2@chronoengine.com,7-369-6181
Siana,Demelt,sdemeltd3@redcross.org,255-403-2882
Neilla,Aspinal,naspinald4@ameblo.jp,370-609-5901
Vonni,O' Flaherty,voflahertyd5@infoseek.co.jp,86-322-3993
Sheff,Sherwood,ssherwoodd6@illinois.edu,62-911-6027
Dell,Passingham,dpassinghamd7@bizjournals.com,84-684-7231
Rheba,Trussell,rtrusselld8@ovh.net,249-884-2881
Gianna,Dickons,gdickonsd9@photobucket.com,249-291-0032
Tate,Hamsher,thamsherda@ycombinator.com,55-254-9213
Sapphire,Korda,skordadb@spotify.com,389-506-2330
Kordula,Sibson,ksibsondc@seesaa.net,86-540-4590
Elisha,Sargison,esargisondd@dion.ne.jp,502-679-3866
Dix,Maxwell,dmaxwellde@washingtonpost.com,7-527-0601
Nerti,Ouslem,nouslemdf@w3.org,234-778-8168
Chauncey,Antrobus,cantrobusdg@bbb.org,48-465-7730
Buckie,English,benglishdh@blogger.com,63-238-5810
Trudey,Cotterrill,tcotterrilldi@latimes.com,62-223-3310
Alessandra,Astbury,aastburydj@technorati.com,30-987-2681
Oates,De la Feld,odelafelddk@go.com,86-192-6449
Madelon,Skypp,mskyppdl@networkadvertising.org,33-924-8952
Coralyn,Ianson,ciansondm@bandcamp.com,86-811-2233
Aubrey,Gasticke,agastickedn@4shared.com,593-886-4424
Abagail,Petrillo,apetrillodo@apache.org,33-693-5654
Livvie,De Bischof,ldebischofdp@bigcartel.com,502-745-3623
Jeanelle,Testin,jtestindq@eventbrite.com,84-255-3246
Kurtis,Casham,kcashamdr@bandcamp.com,351-128-5758
Perceval,Hackey,phackeyds@merriam-webster.com,62-812-6424
Aloysia,Jessard,ajessarddt@jimdo.com,55-841-5955
Flori,Pettyfar,fpettyfardu@sitemeter.com,52-216-5678
Amabel,Vasser,avasserdv@ustream.tv,86-601-8098
Irina,Greenly,igreenlydw@scientificamerican.com,62-691-9207
Jodie,Nussii,jnussiidx@weibo.com,62-892-0336
Josefa,Stickells,jstickellsdy@japanpost.jp,7-127-0122
Derek,Littlekit,dlittlekitdz@wikispaces.com,1-734-6753
Luciano,Vasyukov,lvasyukove0@com.com,62-621-6346
Desiree,Labadini,dlabadinie1@yolasite.com,1-777-3735
Alberto,Morgen,amorgene2@earthlink.net,84-996-2518
Esra,Catmull,ecatmulle3@tmall.com,212-854-3870
Amerigo,Kisbee,akisbeee4@weibo.com,7-129-3590
Kristyn,Swale,kswalee5@ezinearticles.com,7-273-1885
Marylin,Wasiela,mwasielae6@usa.gov,7-448-9374
Betty,Udale,budalee7@goo.gl,374-690-9319
Yalonda,Ernke,yernkee8@indiegogo.com,961-669-1691
Kendell,Draxford,kdraxforde9@elpais.com,353-787-2471
Stefanie,Gwyn,sgwynea@odnoklassniki.ru,86-494-8613
Bryn,Fitzroy,bfitzroyeb@woothemes.com,976-416-4512
Sidonia,Pescott,spescottec@deliciousdays.com,62-553-8127
Padget,Mussettini,pmussettinied@ihg.com,86-829-3365
Pebrook,Devoy,pdevoyee@cpanel.net,351-949-5140
Jozef,Shalliker,jshallikeref@ucoz.com,62-266-8862
Elwira,Durante,eduranteeg@gov.uk,84-314-1603
Del,Reneke,drenekeeh@4shared.com,47-609-1126
Maryanna,Labone,mlaboneei@delicious.com,86-976-3409
Bondie,Skeermer,bskeermerej@twitpic.com,62-859-4556
Lion,Giovani,lgiovaniek@miibeian.gov.cn,54-695-4122
Steward,Garlant,sgarlantel@discuz.net,7-909-7100
Tomi,Josephov,tjosephovem@cyberchimps.com,33-969-2368
Klarika,Albion,kalbionen@zimbio.com,420-412-3800
Jamison,Barttrum,jbarttrumeo@youtube.com,62-422-5364
Hillel,Thirsk,hthirskep@jiathis.com,46-881-4081
Shoshana,Goade,sgoadeeq@naver.com,387-167-7287
Lew,Durden,ldurdener@ameblo.jp,48-269-5853
Grethel,Hounson,ghounsones@nyu.edu,46-551-3916
Sabra,Abdy,sabdyet@geocities.com,98-235-5921
Gigi,Sushams,gsushamseu@4shared.com,976-462-6277
Oriana,Schlagh,oschlaghev@arstechnica.com,54-155-9721
Cicely,Rosenfrucht,crosenfruchtew@dedecms.com,62-151-7723
Krissie,Moreing,kmoreingex@twitpic.com,504-514-0391
Delmore,Rennles,drennlesey@aol.com,51-588-4305
Myrle,Buttriss,mbuttrissez@homestead.com,48-998-4586
Aeriell,Askin,aaskinf0@t-online.de,297-499-6421
Ogdan,Beddon,obeddonf1@bloglovin.com,7-263-2858
Reeta,Childerley,rchilderleyf2@sourceforge.net,86-123-1347
Sherlocke,Evill,sevillf3@msu.edu,54-894-4683
Waylan,Redgate,wredgatef4@github.io,55-688-8266
Brad,Banfield,bbanfieldf5@dyndns.org,57-467-1976
Krystyna,Rea,kreaf6@epa.gov,48-280-8059
Charin,Scohier,cscohierf7@wisc.edu,502-750-5744
Hedvige,Jordine,hjordinef8@digg.com,234-422-4521
Jeffry,Hasslocher,jhasslocherf9@woothemes.com,86-442-2699
Angus,Ferrelli,aferrellifa@hud.gov,420-356-1914
Davis,Hafford,dhaffordfb@lycos.com,63-415-9342
Lenna,Syphus,lsyphusfc@xing.com,7-294-2912
Rudolph,Yarker,ryarkerfd@dell.com,86-965-6103
Joeann,Colbeck,jcolbeckfe@ted.com,62-518-7322
Lyndsie,Levens,llevensff@wsj.com,1-401-1751
Dedra,Collingdon,dcollingdonfg@flavors.me,98-285-5358
Berny,Erdes,berdesfh@feedburner.com,351-203-0550
Carroll,Brosius,cbrosiusfi@mayoclinic.com,86-797-3390
Pandora,Sandham,psandhamfj@multiply.com,86-743-4652
Adolpho,Linn,alinnfk@booking.com,86-915-9004
Der,Amori,damorifl@state.gov,355-548-7038
Gracie,Shaddock,gshaddockfm@tripadvisor.com,62-322-9290
Theresa,Greeve,tgreevefn@facebook.com,420-959-0083
Beryl,Sibbert,bsibbertfo@cisco.com,216-512-6748
Bryan,Dinsdale,bdinsdalefp@comsenz.com,506-979-1920
Beitris,Kellert,bkellertfq@indiatimes.com,86-976-7679
Doralyn,Ballinghall,dballinghallfr@google.co.uk,86-413-9648
Drusi,Giacomazzo,dgiacomazzofs@skyrock.com,86-449-7997
Pam,Gatecliff,pgatecliffft@purevolume.com,98-949-4827
Heywood,Kollatsch,hkollatschfu@reddit.com,81-365-4834
Zonda,Snoad,zsnoadfv@walmart.com,47-812-6566
Ramsey,Bernardot,rbernardotfw@boston.com,86-885-1730
Francoise,Corsan,fcorsanfx@ihg.com,599-883-8203
Winnah,Manuelli,wmanuellify@abc.net.au,62-858-6384
Haywood,Brisland,hbrislandfz@aol.com,55-789-7685
Derron,Punt,dpuntg0@mail.ru,63-781-4635
Edee,Fryman,efrymang1@hostgator.com,86-654-0092
Shaw,Henke,shenkeg2@wsj.com,60-372-4636
Saundra,Sparrowe,ssparroweg3@msu.edu,351-357-9558
Cyndia,Romayne,cromayneg4@wikimedia.org,48-130-1338
Karissa,Forster,kforsterg5@walmart.com,55-375-1053
Aloisia,Baise,abaiseg6@ustream.tv,7-450-7318
Augusto,Kaplan,akaplang7@friendfeed.com,237-965-6681
Tabatha,Hayland,thaylandg8@domainmarket.com,86-564-9202
Nichole,Artus,nartusg9@homestead.com,7-316-5191
Hersh,Eneas,heneasga@pbs.org,7-695-2921
Alika,Possell,apossellgb@webmd.com,502-166-9572
Vonnie,Mallindine,vmallindinegc@youtube.com,1-942-5386
Rorie,Annandale,rannandalegd@ustream.tv,86-779-0312
Esma,Heighway,eheighwayge@nymag.com,420-797-1961
Lurline,Bevan,lbevangf@tamu.edu,33-735-1312
Dorree,Watman,dwatmangg@redcross.org,62-339-3425
Bryanty,Zincke,bzinckegh@tripod.com,385-280-8656
Konrad,Newbury,knewburygi@privacy.gov.au,595-975-6468
Jarad,Van Saltsberg,jvansaltsberggj@merriam-webster.com,63-687-8144
Abbott,Mathiassen,amathiassengk@eepurl.com,371-364-3425
Kean,Conachie,kconachiegl@gnu.org,84-465-6678
Tam,Mossdale,tmossdalegm@shutterfly.com,51-626-0091
Marsha,Roggers,mroggersgn@google.com.br,351-215-7212
Filberto,Tinan,ftinango@wired.com,7-654-9284
Doria,Erridge,derridgegp@timesonline.co.uk,92-592-2426
Otho,Haggerston,ohaggerstongq@feedburner.com,389-760-8887
Evelyn,Tabbitt,etabbittgr@imageshack.us,55-628-2618
Luisa,Rickwood,lrickwoodgs@phpbb.com,62-987-2619
Culley,Cartledge,ccartledgegt@fc2.com,509-941-8971
Langsdon,Le feaver,llefeavergu@dmoz.org,86-461-4011
Cassey,Kezor,ckezorgv@economist.com,7-458-1415
Iolande,Thickins,ithickinsgw@is.gd,374-782-3397
Issie,Hardison,ihardisongx@loc.gov,86-405-6471
Lorilyn,Piet,lpietgy@usgs.gov,20-143-7981
Alison,Clymo,aclymogz@pen.io,591-886-4836
Maddy,Peach,mpeachh0@typepad.com,86-473-2517
Barnabe,McBrady,bmcbradyh1@blogs.com,55-467-2344
Collin,Navan,cnavanh2@plala.or.jp,86-640-0901
Gilli,Rediers,grediersh3@imageshack.us,374-565-2956
Ella,Lettley,elettleyh4@twitter.com,593-698-0929
Luther,Ladel,lladelh5@joomla.org,62-382-6388
Deena,Skeldon,dskeldonh6@gmpg.org,62-286-3047
Leticia,Roser,lroserh7@i2i.jp,86-885-1933
Patrick,Backsal,pbacksalh8@artisteer.com,86-864-1472
Felita,Muro,fmuroh9@mit.edu,30-550-5230
Amalita,McKinie,amckinieha@is.gd,269-529-9730
Madelon,Adamovitz,madamovitzhb@senate.gov,380-336-4422
Stormi,Cavey,scaveyhc@freewebs.com,66-666-6725
Abagail,Whaley,awhaleyhd@slideshare.net,62-741-8724
Claude,Belding,cbeldinghe@i2i.jp,86-404-3928
Margot,Parrett,mparretthf@state.tx.us,372-750-8032
Jennie,Dudhill,jdudhillhg@mlb.com,86-420-5051
Leonhard,Musto,lmustohh@abc.net.au,972-242-5444
Sacha,Lapworth,slapworthhi@sciencedaily.com,351-856-7311
Dominick,Marco,dmarcohj@ox.ac.uk,48-604-6524
Bebe,Spellacey,bspellaceyhk@craigslist.org,381-348-6047
Angelina,Fullicks,afullickshl@last.fm,86-335-8400
Boyd,MacTrustram,bmactrustramhm@ox.ac.uk,358-774-9464
Hamlin,Dodridge,hdodridgehn@state.tx.us,49-561-9324
Phaedra,Dunaway,pdunawayho@jigsy.com,86-759-0713
Gonzales,Aarons,gaaronshp@utexas.edu,86-753-2918
Dorthy,Hunnisett,dhunnisetthq@booking.com,1-347-8705
Beatrix,Gopsill,bgopsillhr@geocities.jp,63-521-1270
Cora,Stanlack,cstanlackhs@cyberchimps.com,380-321-7698
Gennie,Wellman,gwellmanht@salon.com,86-142-9702
Heidie,Collaton,hcollatonhu@yahoo.com,86-530-6728
Pearce,Birrel,pbirrelhv@unesco.org,55-561-9427
Vincenty,Laird-Craig,vlairdcraighw@whitehouse.gov,62-485-0571
Bernadine,Simo,bsimohx@bandcamp.com,358-563-7857
Abrahan,Petty,apettyhy@eepurl.com,93-688-8113
Donnajean,Flaxon,dflaxonhz@360.cn,46-336-0298
Hanny,Macquire,hmacquirei0@comsenz.com,62-306-6848
Torrey,Prendiville,tprendivillei1@webeden.co.uk,7-293-7676
Engracia,Goodings,egoodingsi2@phoca.cz,62-312-2013
Adams,Di Biagio,adibiagioi3@shop-pro.jp,57-674-6674
Melly,Phillp,mphillpi4@bluehost.com,81-903-9959
Henri,Basset,hbasseti5@hao123.com,55-102-0459
Andris,Jimes,ajimesi6@rediff.com,63-423-5629
Malanie,Goodlud,mgoodludi7@github.com,62-980-1817
Merrili,McPartlin,mmcpartlini8@altervista.org,98-746-9264
Marita,Lawrie,mlawriei9@dedecms.com,351-915-7492
Allyce,Marler,amarleria@devhub.com,351-502-6415
Jacquenetta,Alessandrini,jalessandriniib@newyorker.com,62-718-7474
Nat,Quin,nquinic@hugedomains.com,55-732-8719
Darn,Ketton,dkettonid@hud.gov,62-526-5886
Fawne,Danet,fdanetie@freewebs.com,33-463-9017
Shirleen,Legendre,slegendreif@si.edu,95-255-3433
Graham,Milberry,gmilberryig@seesaa.net,86-505-3333
Nona,Cuncliffe,ncuncliffeih@quantcast.com,39-387-4477
Marcela,Wrenn,mwrennii@merriam-webster.com,46-730-1817
Con,Fattorini,cfattoriniij@berkeley.edu,63-563-4097
Meriel,Litel,mlitelik@cnbc.com,62-454-9500
Daven,Coupman,dcoupmanil@last.fm,57-647-8031
Bjorn,Povlsen,bpovlsenim@skype.com,268-342-5668
Moore,Piniur,mpiniurin@japanpost.jp,7-690-3010
Natassia,MacArthur,nmacarthurio@163.com,48-173-6514
Sharleen,Golden,sgoldenip@economist.com,47-131-0579
Lilli,Sawart,lsawartiq@cloudflare.com,7-801-4608
Gan,Sans,gsansir@reuters.com,590-379-7631
Franni,Du Hamel,fduhamelis@intel.com,1-336-8271
Ilka,Fullom,ifullomit@bluehost.com,420-583-0756
Teador,Stuckes,tstuckesiu@blogspot.com,420-940-7921
Teddy,Mays,tmaysiv@sina.com.cn,62-491-8522
Anneliese,McIlwraith,amcilwraithiw@reddit.com,62-854-1189
Kerwin,Gillitt,kgillittix@toplist.cz,33-644-3910
Sisely,Joslow,sjoslowiy@mlb.com,358-500-4673
Coriss,Andrini,candriniiz@timesonline.co.uk,48-784-2078
Pacorro,Wilcinskis,pwilcinskisj0@shareasale.com,351-319-2144
Janella,Beevors,jbeevorsj1@jugem.jp,86-967-0688
Hyatt,Fearneley,hfearneleyj2@slashdot.org,1-907-6902
Grace,Wilcinskis,gwilcinskisj3@opensource.org,48-303-3187
Riki,Quickfall,rquickfallj4@skyrock.com,226-275-6804
Ginni,Crossby,gcrossbyj5@jimdo.com,7-431-3874
Atlante,Hardiker,ahardikerj6@cafepress.com,51-898-4994
Wanda,Cannan,wcannanj7@nsw.gov.au,33-277-8613
Arni,Grigaut,agrigautj8@si.edu,970-332-6256
Leesa,Bernhardsson,lbernhardssonj9@scribd.com,86-439-1057
Wells,Wayt,wwaytja@dailymotion.com,63-893-3786
Blanca,Kingsly,bkingslyjb@google.it,677-614-8072
Zed,Juckes,zjuckesjc@unicef.org,54-388-1127
Alley,Hamblington,ahamblingtonjd@deliciousdays.com,52-923-2698
Karen,Cristofano,kcristofanoje@sourceforge.net,351-187-1869
Josi,Pringuer,jpringuerjf@epa.gov,49-705-3841
Valdemar,Roderigo,vroderigojg@bbc.co.uk,381-803-9745
Leese,Petroff,lpetroffjh@blogtalkradio.com,63-987-1274
Son,Izaks,sizaksji@youtu.be,86-414-7955
Perl,Phettis,pphettisjj@dropbox.com,27-304-4315
Demeter,Carnelley,dcarnelleyjk@arizona.edu,504-581-2231
Julius,Bakeup,jbakeupjl@youtube.com,55-379-5151
Janie,Fernanando,jfernanandojm@myspace.com,63-573-2022
Bernadine,Tapner,btapnerjn@webs.com,46-942-8590
Pauly,Boncore,pboncorejo@nasa.gov,62-906-9717
Artair,Hudless,ahudlessjp@washington.edu,63-384-0961
Dmitri,Ofield,dofieldjq@google.de,381-242-5008
Edi,Morkham,emorkhamjr@networkadvertising.org,55-774-5396
Quinn,Weigh,qweighjs@reddit.com,880-248-5401
Lynnette,Gregorace,lgregoracejt@techcrunch.com,7-458-1266
Constantina,Attersoll,cattersollju@google.co.uk,57-223-2695
Stevy,Gorvette,sgorvettejv@yale.edu,27-654-7642
Alysa,Beamont,abeamontjw@mlb.com,351-371-4017
Devin,Barnhart,dbarnhartjx@gravatar.com,62-476-2769
Kasper,Gery,kgeryjy@a8.net,55-544-9315
Bari,Izac,bizacjz@marriott.com,54-239-7857
Luis,Hosburn,lhosburnk0@state.tx.us,55-434-6075
Rockie,Sibson,rsibsonk1@vinaora.com,47-542-5776
Helena,Jindrich,hjindrichk2@narod.ru,351-123-8866
Dot,Doxey,ddoxeyk3@mlb.com,64-575-8782
Gnni,Scutchin,gscutchink4@usnews.com,86-281-1636
Letta,Mowsdell,lmowsdellk5@mapy.cz,63-374-2996
Davita,De Launde,ddelaundek6@springer.com,7-141-0088
Enrico,LeEstut,eleestutk7@tinypic.com,62-779-2653
Bliss,Legrice,blegricek8@timesonline.co.uk,63-574-1051
Daria,Benneton,dbennetonk9@gnu.org,86-743-8122
Adlai,Di Antonio,adiantonioka@posterous.com,86-139-0941
Nessi,Sherred,nsherredkb@ucsd.edu,98-538-2177
Stinky,Groombridge,sgroombridgekc@histats.com,86-969-4929
Melicent,Sturley,msturleykd@privacy.gov.au,57-662-4441
Barbabas,Authers,bautherske@joomla.org,86-200-9914
Licha,Behan,lbehankf@senate.gov,86-905-2388
Orson,Riepl,orieplkg@illinois.edu,46-475-3190
Zilvia,MacCarter,zmaccarterkh@bizjournals.com,7-197-0853
Collette,Ellery,celleryki@e-recht24.de,86-241-5567
Danila,Haveline,dhavelinekj@biglobe.ne.jp,351-812-5830
Lorne,Greenham,lgreenhamkk@alibaba.com,86-763-4015
Gayleen,Middlemass,gmiddlemasskl@soup.io,48-997-1043
Liesa,Brocklebank,lbrocklebankkm@jimdo.com,55-213-1123
Marv,Grotty,mgrottykn@facebook.com,62-246-5421
Mimi,Frift,mfriftko@edublogs.org,47-123-6900
Perice,Issit,pissitkp@illinois.edu,380-250-6455
Jere,Woodroofe,jwoodroofekq@redcross.org,86-702-5364
Gianni,Hallihan,ghallihankr@forbes.com,46-935-2062
Alfons,Mabbitt,amabbittks@un.org,355-444-6461
Gerald,Autin,gautinkt@seesaa.net,63-725-9792
Brandy,Dechelle,bdechelleku@irs.gov,502-590-1954
Brose,Linnett,blinnettkv@yellowpages.com,33-788-2217
Eileen,Dartnell,edartnellkw@nytimes.com,63-755-6124
Berty,Ivashev,bivashevkx@rakuten.co.jp,55-209-7624
Westley,Aubrey,waubreyky@columbia.edu,63-337-1283
Lora,Reames,lreameskz@printfriendly.com,231-664-7113
Lil,Hurrell,lhurrelll0@wsj.com,375-793-3818
Meade,Powter,mpowterl1@istockphoto.com,55-598-2076
Dodie,Bonsul,dbonsull2@techcrunch.com,353-182-3640
Gwenette,Mc Gorley,gmcgorleyl3@mozilla.com,62-869-8185
Lorie,Hawyes,lhawyesl4@state.tx.us,33-150-8687
Cleon,Becket,cbecketl5@example.com,48-848-8648
Luelle,Gambrell,lgambrelll6@answers.com,86-760-8327
Winthrop,Flowith,wflowithl7@hud.gov,373-416-8239
Edwin,Tythacott,etythacottl8@bbb.org,54-209-6654
Theobald,Chisnall,tchisnalll9@slashdot.org,33-610-7698
Vern,Kubach,vkubachla@aboutads.info,86-113-3944
Lucita,Strathdee,lstrathdeelb@blinklist.com,46-989-6712
Gabie,Arton,gartonlc@go.com,351-170-5282
Shannon,Stockle,sstockleld@jalbum.net,86-760-1741
Laurence,O'dell,lodellle@discuz.net,62-880-2058
Beniamino,Fulbrook,bfulbrooklf@ebay.com,46-828-2551
Corrine,Mum,cmumlg@wp.com,86-145-6534
Emmet,Gamet,egametlh@amazon.co.uk,55-731-4633
Christiano,Honatsch,chonatschli@marketwatch.com,86-509-9322
Jeffie,Walbridge,jwalbridgelj@princeton.edu,62-768-8279
Seana,Leatherland,sleatherlandlk@aboutads.info,63-549-4840
Pippo,Mattosoff,pmattosoffll@yandex.ru,33-586-0350
Thomasa,Robertacci,trobertaccilm@nsw.gov.au,852-354-1497
Ola,Schettini,oschettiniln@hubpages.com,351-975-9371
Durante,Tuxwell,dtuxwelllo@newyorker.com,47-601-2614
Eberto,Loughlin,eloughlinlp@hao123.com,7-781-3612
Lowell,Kier,lkierlq@huffingtonpost.com,62-819-7420
Gothart,Lefort,glefortlr@umn.edu,63-145-0803
Doy,Van Castele,dvancastelels@wired.com,60-244-5739
Sissie,Jurca,sjurcalt@yahoo.com,62-791-2453
Elana,McLenaghan,emclenaghanlu@discuz.net,48-973-5397
Anastasia,Whiting,awhitinglv@ezinearticles.com,55-538-7295
Ardeen,Matten,amattenlw@slashdot.org,7-112-4532
Emilie,Brunet,ebrunetlx@yellowpages.com,351-494-4819
Guillemette,Grammer,ggrammerly@google.nl,63-758-7550
Riannon,McQuillan,rmcquillanlz@cdc.gov,86-747-0182
Nikolia,Milton-White,nmiltonwhitem0@hubpages.com,55-127-7477
Sid,Biever,sbieverm1@epa.gov,962-365-5199
Amie,Waiting,awaitingm2@vistaprint.com,261-254-6917
Paddy,Dawks,pdawksm3@yale.edu,976-242-1924
Jeremias,Kelf,jkelfm4@ebay.com,212-623-1749
Auguste,Gerritsma,agerritsmam5@economist.com,7-278-7330
Roderich,Hull,rhullm6@google.co.jp,86-334-8411
Herb,Cottrill,hcottrillm7@pinterest.com,1-536-2501
Idalina,Feavyour,ifeavyourm8@arizona.edu,7-620-8120
Eve,Cobbin,ecobbinm9@youku.com,33-251-0925
Dyanna,Bedbury,dbedburyma@goodreads.com,7-464-3962
Roanne,Loeber,rloebermb@wikia.com,53-329-0542
Lurline,McCormack,lmccormackmc@freewebs.com,48-558-2772
Staford,Gosling,sgoslingmd@google.com.au,353-968-4949
Jamil,McCrystal,jmccrystalme@hp.com,7-272-5254
Jessy,Thresh,jthreshmf@jigsy.com,7-122-7154
Farlee,Olenchenko,folenchenkomg@theatlantic.com,46-829-4097
Melisa,Cargo,mcargomh@flickr.com,86-360-1477
Josepha,Normanville,jnormanvillemi@reverbnation.com,7-399-6672
Nettie,Guitton,nguittonmj@devhub.com,48-950-5820
Reg,Schooley,rschooleymk@washingtonpost.com,58-488-6756
Chantal,Bedinn,cbedinnml@smugmug.com,49-884-8301
Georgia,Heartfield,gheartfieldmm@tripod.com,970-441-4639
Dietrich,Dencs,ddencsmn@auda.org.au,234-361-8965
Jayme,Torbet,jtorbetmo@reference.com,33-216-0539
Boone,Littlepage,blittlepagemp@narod.ru,227-849-2226
Abner,Broinlich,abroinlichmq@nhs.uk,51-886-6138
Jo-anne,Wardhough,jwardhoughmr@last.fm,62-182-7450
Hughie,Slatten,hslattenms@last.fm,46-961-1988
Dominick,Legat,dlegatmt@merriam-webster.com,503-698-1414
Daniela,Jzhakov,djzhakovmu@zdnet.com,55-387-1190
Meggy,Fetherstone,mfetherstonemv@mayoclinic.com,86-644-6380
Ainsley,Joicey,ajoiceymw@state.tx.us,52-900-0448
Hazlett,Dat,hdatmx@utexas.edu,58-777-7806
Ive,Gillan,igillanmy@trellian.com,353-821-4489
Sawyere,Frediani,sfredianimz@sbwire.com,86-427-3007
Melinda,Gehricke,mgehricken0@privacy.gov.au,63-338-5673
Shela,Hordle,shordlen1@harvard.edu,86-157-4083
Trey,Ciotto,tciotton2@loc.gov,92-725-7069
Fidel,Doleman,fdolemann3@facebook.com,1-922-3115
Byram,Jaggli,bjagglin4@state.gov,34-623-9218
Robin,Pleager,rpleagern5@vinaora.com,1-445-5053
Evangelia,Giacubbo,egiacubbon6@unblog.fr,33-508-8663
Lemar,Imlin,limlinn7@sfgate.com,63-128-3129
Ag,McKinnell,amckinnelln8@dagondesign.com,351-420-6623
Roddie,Pinyon,rpinyonn9@census.gov,86-356-7778
Chadd,Meddows,cmeddowsna@paginegialle.it,55-972-6177
Corabella,Inglesent,cinglesentnb@trellian.com,66-619-1018
Lanna,Kiddle,lkiddlenc@mail.ru,62-746-9233
Kat,Regi,kregind@timesonline.co.uk,33-410-6760
Anthony,Berendsen,aberendsenne@usgs.gov,381-492-2924
Kandy,Aronstein,karonsteinnf@jiathis.com,48-512-2799
Bili,Rihosek,brihosekng@japanpost.jp,86-678-2167
Shelley,Fawke,sfawkenh@un.org,47-199-3024
Brok,Tilbrook,btilbrookni@nasa.gov,1-701-7227
Giorgi,Brunelleschi,gbrunelleschinj@ibm.com,33-342-9647
Hanan,Densell,hdensellnk@rediff.com,86-551-0507
Averil,Blankley,ablankleynl@free.fr,353-205-9269
Caroljean,Woolf,cwoolfnm@va.gov,55-174-1964
Cointon,Yukhin,cyukhinnn@arstechnica.com,84-984-7787
Dennison,Edge,dedgeno@scribd.com,86-163-7505
Torrance,Hedling,thedlingnp@etsy.com,86-513-6568
Frannie,Maruszewski,fmaruszewskinq@prnewswire.com,86-676-5083
Atlante,Davidovsky,adavidovskynr@marketwatch.com,237-549-7023
Clementine,Malletratt,cmalletrattns@cornell.edu,420-108-9407
Cherice,Dealey,cdealeynt@facebook.com,55-972-6192
Ezmeralda,Brauninger,ebrauningernu@guardian.co.uk,63-994-0195
Vale,Cappineer,vcappineernv@people.com.cn,227-814-9646
Lynette,Perse,lpersenw@histats.com,351-143-8145
Jase,Halden,jhaldennx@gov.uk,62-692-5057
Osmond,Sonier,osonierny@flavors.me,62-887-7985
Thoma,Sygroves,tsygrovesnz@1und1.de,62-450-3801
Chrisy,Bernaldo,cbernaldoo0@globo.com,380-282-2413
Robers,Train,rtraino1@so-net.ne.jp,84-568-6627
Harlin,Clausner,hclausnero2@furl.net,86-722-2736
Abraham,Le Breton De La Vieuville,alebretondelavieuvilleo3@kickstarter.com,216-222-1758
Lida,Shipman,lshipmano4@netlog.com,967-619-3196
Brendis,Slack,bslacko5@narod.ru,86-545-8267
Ingelbert,Jodkowski,ijodkowskio6@webnode.com,351-191-1802
Kirstin,Weighell,kweighello7@rediff.com,352-195-0550
Udale,Attenburrow,uattenburrowo8@google.es,234-293-2121
Denice,Bouch,dboucho9@printfriendly.com,86-282-6249
Boote,Downgate,bdowngateoa@sciencedirect.com,355-385-3342
Sanson,Sharply,ssharplyob@biblegateway.com,86-965-3144
Lutero,Berens,lberensoc@amazonaws.com,86-146-7476
Blaire,Zebedee,bzebedeeod@go.com,30-595-2772
Dolly,Ottiwill,dottiwilloe@unc.edu,355-447-4720
Adela,Hartridge,ahartridgeof@jiathis.com,66-416-5377
Alvan,Lovekin,alovekinog@google.com.hk,63-879-6696
Caresa,Caillou,ccaillouoh@gizmodo.com,55-845-5626
Margret,Hounsom,mhounsomoi@thetimes.co.uk,386-837-8779
Catarina,Keneforde,ckenefordeoj@sourceforge.net,54-557-7645
Dollie,Bernocchi,dbernocchiok@army.mil,62-328-9174
Clayson,Oakland,coaklandol@aol.com,7-472-6919
Nonah,Lancastle,nlancastleom@oracle.com,63-898-2585
Angelico,Martinovic,amartinovicon@vistaprint.com,7-767-5890
Kelsy,Fotherby,kfotherbyoo@omniture.com,55-159-4890
Victor,Schimmang,vschimmangop@cyberchimps.com,232-644-5464
Brand,Mowat,bmowatoq@friendfeed.com,51-380-9782
Hedvig,Hamlin,hhamlinor@smh.com.au,420-517-4033
Cyrille,Jasik,cjasikos@google.com.br,60-107-2798
Vasily,Backshall,vbackshallot@illinois.edu,234-109-2719
Verine,Giffkins,vgiffkinsou@alibaba.com,48-411-5606
Freeman,Covely,fcovelyov@ask.com,86-961-1454
Diena,Rochewell,drochewellow@fotki.com,30-262-5889
Markus,Stute,mstuteox@creativecommons.org,66-750-5395
Morry,Seres,mseresoy@google.cn,48-166-3535
Stephani,de Copeman,sdecopemanoz@uiuc.edu,86-734-2894
Magdalen,Westfield,mwestfieldp0@gmpg.org,33-291-7195
Biron,Boggis,bboggisp1@japanpost.jp,420-596-7284
Sorcha,Zecchii,szecchiip2@acquirethisname.com,962-435-5979
Bevin,Luckes,bluckesp3@joomla.org,973-479-4849
Ross,Sedgemore,rsedgemorep4@studiopress.com,7-854-6383
Shirlene,Pales,spalesp5@gravatar.com,263-563-4649
Harmonia,Inmett,hinmettp6@accuweather.com,355-317-8561
Cosmo,Britten,cbrittenp7@exblog.jp,86-647-8563
Aili,Lavis,alavisp8@army.mil,86-620-1411
Adoree,Scolding,ascoldingp9@diigo.com,63-742-7815
Erin,Lockyear,elockyearpa@booking.com,86-731-0333
Ferdy,Carette,fcarettepb@tripod.com,420-692-4548
Danny,Sidwick,dsidwickpc@prlog.org,81-564-9372
Corrinne,Dudmesh,cdudmeshpd@soundcloud.com,86-630-5365
Trace,Mundie,tmundiepe@ehow.com,420-396-8230
Rodrick,Phizackerly,rphizackerlypf@tamu.edu,62-133-4006
Mabel,Killiner,mkillinerpg@issuu.com,62-111-3367
Sher,Nairns,snairnsph@flickr.com,86-783-2998
Allie,Ruddom,aruddompi@pagesperso-orange.fr,46-569-8918
Arnie,Carbery,acarberypj@biblegateway.com,55-521-1297
Larisa,Betjeman,lbetjemanpk@pcworld.com,62-596-0641
Bearnard,Pinnion,bpinnionpl@uol.com.br,82-953-4948
Yorke,Kiddie,ykiddiepm@washington.edu,351-381-3446
Irwin,McQuarrie,imcquarriepn@google.com,62-678-4306
Riley,Vine,rvinepo@mozilla.com,30-325-1083
Sheryl,Sikorsky,ssikorskypp@cornell.edu,48-995-3826
Joletta,Pamment,jpammentpq@merriam-webster.com,241-161-7960
Maitilde,Bogace,mbogacepr@goodreads.com,381-694-5613
Jocelin,Giotto,jgiottops@pinterest.com,51-451-4087
Dante,Adamovitch,dadamovitchpt@wufoo.com,228-988-8152
Cy,Leftridge,cleftridgepu@eepurl.com,351-744-6750
Matthaeus,Suerz,msuerzpv@admin.ch,55-215-5967
Grethel,Kemmet,gkemmetpw@twitter.com,63-246-5063
Osmond,Harrell,oharrellpx@amazon.de,34-681-8201
Cosimo,Futty,cfuttypy@last.fm,54-853-7519
Arlee,Gallety,agalletypz@sogou.com,86-530-5052
Minnaminnie,Tunnicliffe,mtunnicliffeq0@webnode.com,57-255-8940
Scarface,Enstone,senstoneq1@shop-pro.jp,33-917-5219
Jamal,Brellin,jbrellinq2@amazon.de,51-614-0167
Angelika,Stanluck,astanluckq3@miibeian.gov.cn,1-281-5793
Doralynne,Handke,dhandkeq4@alexa.com,374-132-3562
Rowena,Delhanty,rdelhantyq5@slideshare.net,46-156-2622
Jourdan,Strongman,jstrongmanq6@google.cn,1-991-3355
Eugenia,Yule,eyuleq7@nymag.com,33-131-1572
Devan,Kubiczek,dkubiczekq8@hp.com,33-956-0795
Kathie,Atwill,katwillq9@fda.gov,48-439-2767
Conant,Dorre,cdorreqa@reddit.com,386-986-8420
Cordie,Record,crecordqb@prweb.com,381-655-7427
Tito,Rand,trandqc@answers.com,86-743-1428
Galvan,Fagan,gfaganqd@deliciousdays.com,48-206-3850
Svend,Van Dalen,svandalenqe@sciencedaily.com,81-257-2502
Dal,Kilgrew,dkilgrewqf@un.org,63-782-2610
Annabela,Beat,abeatqg@nbcnews.com,966-154-1122
Freda,Maurice,fmauriceqh@exblog.jp,1-675-3474
Nell,Wadman,nwadmanqi@cargocollective.com,994-486-1636
Rock,Castiello,rcastielloqj@wordpress.com,86-682-5861
Cordell,Schruyer,cschruyerqk@theatlantic.com,502-413-5405
Mavis,Picton,mpictonql@taobao.com,66-721-8964
Hollie,Leighfield,hleighfieldqm@adobe.com,7-673-5616
Tracie,Tadlow,ttadlowqn@state.tx.us,7-213-9042
Kassie,Lothlorien,klothlorienqo@arizona.edu,381-994-2218
Max,Bayford,mbayfordqp@joomla.org,86-978-0331
Theo,Luffman,tluffmanqq@state.gov,385-902-5203
Regen,Spleving,rsplevingqr@exblog.jp,7-459-0023
Xavier,McKiddin,xmckiddinqs@meetup.com,86-634-6308
Sebastian,Flamank,sflamankqt@ask.com,54-200-9803
Anderea,Liddiard,aliddiardqu@microsoft.com,375-272-9076
Allie,Lantoph,alantophqv@cmu.edu,1-479-8176
Krystyna,Huebner,khuebnerqw@bloomberg.com,351-616-8419
Craggy,Verchambre,cverchambreqx@marriott.com,62-913-2895
Bari,Hullyer,bhullyerqy@xing.com,86-923-6691
Anissa,Antonchik,aantonchikqz@istockphoto.com,372-868-6284
Myrtie,Agiolfinger,magiolfingerr0@engadget.com,420-484-3089
Becky,Base,bbaser1@wikipedia.org,20-928-3869
Markus,Cassells,mcassellsr2@redcross.org,60-178-0723
Dorine,Hiley,dhileyr3@indiegogo.com,46-120-3021
Enoch,Krug,ekrugr4@free.fr,55-874-0061
Kristyn,Sogg,ksoggr5@wiley.com,7-785-7444
Maddie,Paulino,mpaulinor6@harvard.edu,62-757-5431
Siusan,Lissemore,slissemorer7@symantec.com,62-810-9939
Mylo,Synan,msynanr8@msu.edu,7-524-1229
Eda,Faithfull,efaithfullr9@nature.com,351-214-1646
Dory,Woodruff,dwoodruffra@mayoclinic.com,86-179-8869
Susi,Blazewicz,sblazewiczrb@indiegogo.com,7-847-5830
Lancelot,Bayston,lbaystonrc@google.ca,62-475-8993
Alida,Sego,asegord@devhub.com,1-745-6060
Carlyle,Frazier,cfrazierre@php.net,86-511-6272
Marquita,Di Bartolommeo,mdibartolommeorf@histats.com,46-262-0364
Justin,Bircher,jbircherrg@slideshare.net,55-913-2431
Rory,Skune,rskunerh@nyu.edu,55-236-2208
Emanuel,Jagielski,ejagielskiri@howstuffworks.com,7-209-0813
Kamilah,Sibbons,ksibbonsrj@ed.gov,33-774-9350
Linell,Pettingall,lpettingallrk@quantcast.com,81-879-8498
Ricky,Winstone,rwinstonerl@wix.com,7-485-7583
Ninnette,Paterson,npatersonrm@prnewswire.com,86-794-3095
Evey,Oakman,eoakmanrn@seesaa.net,86-189-0048
Cullan,Tester,ctesterro@shutterfly.com,63-507-0205
Karly,Lambis,klambisrp@ox.ac.uk,86-968-2819
Glendon,McAnalley,gmcanalleyrq@xing.com,86-704-3091
Petronilla,Kubal,pkubalrr@ca.gov,98-851-3395
